DateTime;BTC;ETH;USDT;BNB;SOL;Others
05.05.2013;1254762149,46;0,00;0,00;0,00;0,00;80617818,54
12.05.2013;1288631442,20;0,00;0,00;0,00;0,00;74918509,80
19.05.2013;1376371582,99;0,00;0,00;0,00;0,00;72448385,01
26.05.2013;1478025338,35;0,00;0,00;0,00;0,00;70654597,65
02.06.2013;1451925896,77;0,00;0,00;0,00;0,00;59084151,23
09.06.2013;1215132962,06;0,00;0,00;0,00;0,00;56547037,94
16.06.2013;1127123769,47;0,00;0,00;0,00;0,00;53126214,53
23.06.2013;1224978150,45;0,00;0,00;0,00;0,00;63751833,55
30.06.2013;1078255281,06;0,00;0,00;0,00;0,00;61514702,94
07.07.2013;782351595,18;0,00;0,00;0,00;0,00;62558420,82
14.07.2013;1126255795,18;0,00;0,00;0,00;0,00;63964236,82
21.07.2013;1027641924,55;0,00;0,00;0,00;0,00;62368059,45
28.07.2013;1082751497,50;0,00;0,00;0,00;0,00;67108470,50
04.08.2013;1207095508,65;0,00;0,00;0,00;0,00;73944491,35
11.08.2013;1188153836,99;0,00;0,00;0,00;0,00;100076179,01
18.08.2013;1304320187,50;0,00;0,00;0,00;0,00;118079812,50
25.08.2013;1387634726,85;0,00;0,00;0,00;0,00;114395225,15
01.09.2013;1572228888,40;0,00;0,00;0,00;0,00;113921127,60
08.09.2013;1448178129,21;0,00;0,00;0,00;0,00;120611886,79
15.09.2013;1514144913,58;0,00;0,00;0,00;0,00;119015022,42
22.09.2013;1500263577,97;0,00;0,00;0,00;0,00;144496486,03
29.09.2013;1587290660,68;0,00;0,00;0,00;0,00;187129307,32
06.10.2013;1514538901,20;0,00;0,00;0,00;0,00;146111082,80
13.10.2013;1599426159,38;0,00;0,00;0,00;0,00;134753808,62
20.10.2013;2037436874,97;0,00;0,00;0,00;0,00;131273013,03
27.10.2013;2102727707,67;0,00;0,00;0,00;0,00;120962276,33
03.11.2013;2459515515,84;0,00;0,00;0,00;0,00;141304452,16
10.11.2013;4174930742,16;0,00;0,00;0,00;0,00;219789513,84
17.11.2013;5291729353,46;0,00;0,00;0,00;0,00;201330742,54
24.11.2013;9570991362,24;0,00;0,00;0,00;0,00;450608893,76
01.12.2013;13614267715,96;0,00;0,00;0,00;0,00;1773432508,04
08.12.2013;8431855057,73;0,00;0,00;0,00;0,00;994564654,27
15.12.2013;10611621813,11;0,00;0,00;0,00;0,00;1357278282,89
22.12.2013;7315945127,67;0,00;0,00;0,00;0,00;804295000,33
29.12.2013;8872599591,24;0,00;0,00;0,00;0,00;1227100120,76
05.01.2014;10465659959,95;0,00;0,00;0,00;0,00;1416439752,05
12.01.2014;11264846810,93;0,00;0,00;0,00;0,00;1338053669,07
19.01.2014;10311486283,20;0,00;0,00;0,00;0,00;1256914100,80
26.01.2014;10510401359,83;0,00;0,00;0,00;0,00;1246998704,17
02.02.2014;10279152361,30;0,00;0,00;0,00;0,00;1245648150,70
09.02.2014;8307336964,85;0,00;0,00;0,00;0,00;974612731,15
16.02.2014;8077341036,11;0,00;0,00;0,00;0,00;1015438995,89
23.02.2014;7539892425,52;0,00;0,00;0,00;0,00;916707638,48
02.03.2014;7069287981,34;0,00;0,00;0,00;0,00;991821778,66
09.03.2014;7697912170,26;0,00;0,00;0,00;0,00;1139147413,74
16.03.2014;7968200287,50;0,00;0,00;0,00;0,00;1105910176,50
23.03.2014;7099236203,98;0,00;0,00;0,00;0,00;1062163604,02
30.03.2014;6193557126,83;0,00;0,00;0,00;0,00;744693113,17
06.04.2014;5843663675,26;0,00;0,00;0,00;0,00;640366276,74
13.04.2014;5326230585,36;0,00;0,00;0,00;0,00;561879494,64
20.04.2014;6356071183,25;0,00;0,00;0,00;0,00;745688816,75
27.04.2014;5805536630,79;0,00;0,00;0,00;0,00;583553161,21
04.05.2014;5580025865,31;0,00;0,00;0,00;0,00;558154230,69
11.05.2014;5789009426,83;0,00;0,00;0,00;0,00;622880749,17
18.05.2014;5735392705,27;0,00;0,00;0,00;0,00;609047102,73
25.05.2014;6729114876,78;0,00;0,00;0,00;0,00;671134979,22
01.06.2014;8007458710,01;0,00;0,00;0,00;0,00;674471017,99
08.06.2014;8428526959,35;0,00;0,00;0,00;0,00;686222992,65
15.06.2014;7427193646,00;0,00;0,00;0,00;0,00;642986194,00
22.06.2014;7703559805,12;0,00;0,00;0,00;0,00;642110338,88
29.06.2014;7728192402,62;0,00;0,00;0,00;0,00;606027373,38
06.07.2014;8203530646,50;0,00;0,00;0,00;0,00;536109673,50
13.07.2014;8252247431,78;0,00;0,00;0,00;0,00;575112824,22
20.07.2014;8196201372,71;0,00;0,00;0,00;0,00;588388451,29
27.07.2014;7782822949,41;0,00;0,00;0,00;0,00;549807066,59
03.08.2014;7710426679,40;0,00;0,00;0,00;0,00;554303432,60
10.08.2014;7730001925,06;0,00;0,00;0,00;0,00;507678202,94
17.08.2014;6826523803,16;0,00;0,00;0,00;0,00;398626148,84
24.08.2014;6567295886,83;0,00;0,00;0,00;0,00;424594033,17
31.08.2014;6642636070,65;0,00;0,00;0,00;0,00;557374169,35
07.09.2014;6421462127,86;0,00;0,00;0,00;0,00;567777680,14
14.09.2014;6355135250,74;0,00;0,00;0,00;0,00;610424557,26
21.09.2014;5425181057,69;0,00;0,00;0,00;0,00;567438974,31
28.09.2014;5321416704,52;0,00;0,00;0,00;0,00;580563455,48
05.10.2014;4389880123,19;0,00;0,00;0,00;0,00;528329924,81
12.10.2014;4849070088,40;0,00;0,00;0,00;0,00;532579831,60
19.10.2014;5242374417,86;0,00;0,00;0,00;0,00;550685422,14
26.10.2014;4665035342,66;0,00;0,00;0,00;0,00;492344753,34
02.11.2014;4386504161,98;0,00;0,00;0,00;0,00;453445662,02
09.11.2014;4655480675,44;0,00;0,00;0,00;0,00;490489500,56
16.11.2014;5060641297,85;0,00;0,00;0,00;0,00;504748526,15
23.11.2014;4778445706,71;0,00;0,00;0,00;0,00;568484469,29
30.11.2014;5090058612,54;0,00;0,00;0,00;0,00;805691531,46
07.12.2014;5090242007,32;0,00;0,00;0,00;0,00;827328040,68
14.12.2014;4717276441,31;0,00;0,00;0,00;0,00;885113574,69
21.12.2014;4491321812,35;0,00;0,00;0,00;0,00;1230188075,65
28.12.2014;4317327930,80;0,00;0,00;0,00;0,00;1205942213,20
04.01.2015;3847139735,00;0,00;0,00;0,00;0,00;1022340201,00
11.01.2015;3764964780,31;0,00;0,00;0,00;0,00;910455379,69
18.01.2015;2747723029,43;0,00;0,00;0,00;0,00;741546986,57
25.01.2015;3403308907,94;0,00;0,00;0,00;0,00;812101012,06
01.02.2015;2989456971,01;0,00;0,00;0,00;0,00;704113076,99
08.02.2015;3144923027,51;0,00;0,00;0,00;0,00;717287020,49
15.02.2015;3563295380,39;0,00;0,00;0,00;0,00;750334827,61
22.02.2015;3390509039,99;0,00;0,00;0,00;0,00;680290832,01
01.03.2015;3532057898,05;0,00;0,00;0,00;0,00;686712021,95
08.03.2015;3846742946,74;0,00;251600,00;0,00;0,00;609055629,26
15.03.2015;3923339798,58;0,00;251600,00;0,00;0,00;622378777,42
22.03.2015;3629914535,07;0,00;251600,00;0,00;0,00;585183880,93
29.03.2015;3536559217,42;0,00;251600,00;0,00;0,00;540579262,58
05.04.2015;3557453026,58;0,00;251600,00;0,00;0,00;530905421,42
12.04.2015;3321740501,71;0,00;251600,00;0,00;0,00;486738010,29
19.04.2015;3143459666,99;0,00;251600,00;0,00;0,00;467628765,01
26.04.2015;3190796972,61;0,00;251600,00;0,00;0,00;478231427,39
03.05.2015;3315974388,48;0,00;251600,00;0,00;0,00;466614075,52
10.05.2015;3418729921,40;0,00;251600,00;0,00;0,00;453398382,60
17.05.2015;3343946251,62;0,00;251600,00;0,00;0,00;431612196,38
24.05.2015;3391917865,07;0,00;451600,00;0,00;0,00;478250438,93
31.05.2015;3314789801,02;0,00;451600,00;0,00;0,00;540708678,98
07.06.2015;3213393226,02;0,00;451600,00;0,00;0,00;524075173,98
14.06.2015;3317074984,51;0,00;451600,00;0,00;0,00;534793415,49
21.06.2015;3503877684,20;0,00;451600,00;0,00;0,00;707840699,80
28.06.2015;3593902796,84;0,00;451600,00;0,00;0,00;719435555,16
05.07.2015;3741659654,04;0,00;451600,00;0,00;0,00;749318633,96
12.07.2015;4213278129,16;0,00;451600,00;0,00;0,00;709820478,84
19.07.2015;3956139971,62;0,00;451600,00;0,00;0,00;657178668,38
26.07.2015;4163471698,50;0,00;451600,00;0,00;0,00;690646685,50
02.08.2015;4052470132,84;0,00;451600,00;0,00;0,00;668848251,16
09.08.2015;3779770679,81;42637543,68;451600,00;0,00;0,00;643740112,50
16.08.2015;3797323161,03;102028033,22;451600,00;0,00;0,00;645427029,75
23.08.2015;3346765517,63;99894340,60;451600,00;0,00;0,00;577108445,77
30.08.2015;3345732049,67;86145906,39;451600,00;0,00;0,00;555610539,94
06.09.2015;3424428150,86;97625195,45;451600,00;0,00;0,00;566415117,68
13.09.2015;3435997782,16;76193716,66;451600,00;0,00;0,00;568396773,19
20.09.2015;3385770805,62;64600034,35;451600,00;0,00;0,00;550597592,02
27.09.2015;3431856750,10;58149531,52;451600,00;0,00;0,00;520772070,38
04.10.2015;3502459356,17;50555947,04;451600,00;0,00;0,00;491513064,80
11.10.2015;3599835148,98;46327504,64;451600,00;0,00;0,00;478005778,38
18.10.2015;3991622474,97;40550433,25;451600,00;0,00;0,00;476325507,78
25.10.2015;4154105118,41;41781371,00;451600,00;0,00;0,00;454501974,60
01.11.2015;4657899149,65;68477207,23;451600,00;0,00;0,00;505971787,11
08.11.2015;5692387997,95;68254322,67;451600,00;0,00;0,00;498885855,38
15.11.2015;4942412592,61;66590205,76;451600,00;0,00;0,00;445075649,63
22.11.2015;4861341321,40;73378875,25;451600,00;0,00;0,00;437297963,35
29.11.2015;5324603226,49;68625059,25;451600,00;0,00;0,00;460810226,26
06.12.2015;5813290200,20;65194898,36;951600,00;0,00;0,00;507303525,44
13.12.2015;6454429948,21;73276328,72;951600,00;0,00;0,00;628642347,08
20.12.2015;6925021736,92;68663123,23;951600,00;0,00;0,00;561783635,84
27.12.2015;6251439746,04;64650004,39;951600,00;0,00;0,00;535038777,57
03.01.2016;6519493346,66;71275843,47;951600,00;0,00;0,00;548249257,87
10.01.2016;6752207450,65;75031161,86;1451600,00;0,00;0,00;555609819,50
17.01.2016;5842269904,62;93207495,47;1452172,78;0,00;0,00;510330587,13
24.01.2016;5867294005,16;145357921,23;1451776,68;0,00;0,00;527976296,93
31.01.2016;5729876279,75;187288793,44;1451600,00;0,00;0,00;609143198,82
07.02.2016;5714757845,42;194883946,32;1451600,00;0,00;0,00;666956656,26
14.02.2016;5975579008,35;416193451,47;1451600,00;0,00;0,00;712965764,18
21.02.2016;6669256895,23;336572452,31;1451600,00;0,00;0,00;740598988,47
28.02.2016;6600315176,77;495545000,95;1451600,00;0,00;0,00;738218462,28
06.03.2016;6121408382,11;868737165,64;1451599,83;0,00;0,00;731973028,42
13.03.2016;6302326831,97;1049934286,90;1451449,19;0,00;0,00;842667591,93
20.03.2016;6293608466,29;822294753,30;1451593,58;0,00;0,00;796255426,84
27.03.2016;6423042999,31;862207437,56;1451591,00;0,00;0,00;842207796,13
03.04.2016;6480475540,11;915178309,29;1451591,00;0,00;0,00;814574815,60
10.04.2016;6467328064,05;722132721,72;1451591,00;0,00;0,00;755897479,22
17.04.2016;6649170351,50;682467508,29;1451591,00;0,00;0,00;752260437,21
24.04.2016;6968576354,24;658203215,05;1451591,00;0,00;0,00;800118791,72
01.05.2016;6940220694,68;699881220,75;1951591,00;0,00;0,00;778426493,57
08.05.2016;7114057186,38;748029355,20;1951591,00;0,00;0,00;791002379,42
15.05.2016;7084755186,85;819397650,28;1958462,95;0,00;0,00;780488891,92
22.05.2016;6900706986,16;1126810311,22;1951591,00;0,00;0,00;789351207,61
29.05.2016;8226502854,43;974781807,24;1951591,00;0,00;0,00;839263843,33
05.06.2016;8955049694,41;1110685556,89;2951591,00;0,00;0,00;1030312965,69
12.06.2016;9539851633,45;1148076033,93;2951591,00;0,00;0,00;1067420901,63
19.06.2016;11859832811,25;906288322,02;5951586,03;0,00;0,00;1100627696,70
26.06.2016;10454854635,79;1160585678,51;5951641,37;0,00;0,00;1099908524,33
03.07.2016;11086081265,44;989130563,24;5951591,00;0,00;0,00;1185736548,31
10.07.2016;10247292403,93;896902499,34;5951586,39;0,00;0,00;1170953286,35
17.07.2016;10434741391,77;953757991,02;6951613,37;0,00;0,00;1471648651,84
24.07.2016;10338572708,25;1176252971,00;6951591,00;0,00;0,00;1459422601,75
31.07.2016;10340889221,83;1026305197,78;6951648,18;0,00;0,00;1408653804,20
07.08.2016;9285937038,23;898343259,02;6948510,74;0,00;0,00;1455671416,00
14.08.2016;9258735937,79;960854022,26;6951586,86;0,00;0,00;1385058325,09
21.08.2016;9208215376,02;936015579,33;6951591,00;0,00;0,00;1387817773,65
28.08.2016;9023610648,70;929687679,98;6951591,00;0,00;0,00;1293850048,32
04.09.2016;9486373844,83;982950196,86;6951591,00;0,00;0,00;1389424719,31
11.09.2016;9887773726,85;1023632916,19;6951590,95;0,00;0,00;1437641510,01
18.09.2016;9623944105,50;1066616876,85;6951584,73;0,00;0,00;1417987464,91
25.09.2016;9575355371,19;1083511238,38;6951585,98;0,00;0,00;1424782252,45
02.10.2016;9761333067,22;1114202868,52;6951590,95;0,00;0,00;1365412633,32
09.10.2016;9852485145,30;1035586352,15;6951590,95;0,00;0,00;1400377359,60
16.10.2016;10176766350,92;1018540090,99;6951590,85;0,00;0,00;1377141647,24
23.10.2016;10479669329,55;1033971025,51;6951589,32;0,00;0,00;1424807863,62
30.10.2016;11388836334,27;891168049,51;6951589,73;0,00;0,00;1288944186,49
06.11.2016;11233033306,50;941732522,94;6951588,73;0,00;0,00;1366582869,83
13.11.2016;11264543084,39;849341460,25;6951589,80;0,00;0,00;1354563545,55
20.11.2016;12027477304,94;832050375,97;6951589,80;0,00;0,00;1307720537,29
27.11.2016;11773780502,44;804084701,71;6951589,80;0,00;0,00;1285683046,05
04.12.2016;12363543726,33;684257741,68;6951736,40;0,00;0,00;1273546315,58
11.12.2016;12423597454,08;705363349,74;6951595,52;0,00;0,00;1266087472,66
18.12.2016;12694811835,48;684028136,91;6951771,20;0,00;0,00;1294308096,40
25.12.2016;14450083950,58;633791855,03;6951626,18;0,00;0,00;1409872728,20
01.01.2017;15491191078,52;698148582,07;9951670,39;0,00;0,00;1536208445,03
08.01.2017;14611436883,27;865667437,13;14951726,29;0,00;0,00;1506343953,30
15.01.2017;13174247860,40;864036600,17;14952066,33;0,00;0,00;1480363217,10
22.01.2017;14863609421,69;961461115,21;14951704,90;0,00;0,00;1609677086,20
29.01.2017;14873957220,63;933090757,88;14951770,85;0,00;0,00;1646299514,64
05.02.2017;16847343179,30;1013392172,77;24951571,50;0,00;0,00;1782813556,44
12.02.2017;16214597429,20;1008032746,72;24950975,18;0,00;0,00;1723819040,90
19.02.2017;17056569066,05;1140873274,15;24951216,10;0,00;0,00;1734606635,69
26.02.2017;18518937117,19;1206149617,44;24952084,63;0,00;0,00;1707561692,74
05.03.2017;20315993973,51;1655022306,36;24951229,42;0,00;0,00;1949232106,72
12.03.2017;19073207581,58;1924658489,80;34951919,11;0,00;0,00;2202182329,50
19.03.2017;15846004246,59;3193599257,35;44952207,56;0,00;0,00;2712044096,51
26.03.2017;15814856914,37;4574532781,12;44947036,55;0,00;0,00;3014063139,96
02.04.2017;17559345252,63;4582702035,41;54927878,02;0,00;0,00;3955925441,94
09.04.2017;19134336512,33;4009004642,05;54935165,62;0,00;0,00;4710423840,00
16.04.2017;19085099185,74;4450139912,38;50740673,16;0,00;0,00;5080119940,72
23.04.2017;20066218960,47;4420033151,90;51488828,56;0,00;0,00;5404459379,07
30.04.2017;21548458537,62;6248835922,67;59055708,81;0,00;0,00;7460451366,90
07.05.2017;25768507379,68;8942951789,74;60446157,41;0,00;0,00;11544294609,17
14.05.2017;29405073820,05;8322378946,92;60697425,27;0,00;0,00;16897250895,76
21.05.2017;33779318021,24;11705707879,04;61940825,29;0,00;0,00;25468834106,44
28.05.2017;33595986106,78;14608584507,77;107331369,83;0,00;0,00;20309897439,62
04.06.2017;41708285206,15;20659812407,62;107470687,91;0,00;0,00;28360735570,31
11.06.2017;48208688680,85;31296814564,87;130665290,60;0,00;0,00;30557831335,68
18.06.2017;43539274675,93;35133780828,74;126049772,97;0,00;0,00;33744892674,36
25.06.2017;42783762418,41;30005926010,11;147510147,92;0,00;0,00;36283804687,56
02.07.2017;40010469450,42;25572795595,65;219180430,46;0,00;0,00;29920157019,47
09.07.2017;42283166364,62;23454654721,82;219893503,28;0,00;0,00;30554285410,27
16.07.2017;32767572892,30;15823085102,55;295162363,33;0,00;0,00;21255877689,82
23.07.2017;46231142026,90;21418291139,68;317831289,20;0,00;0,00;29627939128,21
30.07.2017;44890666009,77;19360924119,19;318471136,11;10793543,61;0,00;25817144295,32
06.08.2017;53720893168,08;24053474689,72;320093043,84;12929250,30;0,00;34502610744,07
13.08.2017;64034105430,64;29161053351,96;319661283,82;44598975,78;0,00;40705584989,80
20.08.2017;69192659044,07;27918126333,29;318596320,42;0,00;0,00;48662617534,23
27.08.2017;71809248347,19;31517529778,57;319542631,15;217996716,50;0,00;52897679838,60
03.09.2017;75841707835,36;33059801352,57;348835807,88;0,00;0,00;55618439132,18
10.09.2017;70018089815,18;27797226686,92;405081602,56;98207825,42;0,00;49186857365,91
17.09.2017;59757816343,82;23272527159,32;445726238,98;0,00;0,00;40051147409,87
24.09.2017;62954280981,84;27129873954,84;443271716,75;77580380,44;0,00;41155964742,13
01.10.2017;72047302431,68;28615152628,04;435866669,45;128417861,46;0,00;46668646521,37
08.10.2017;73575423619,73;29550901434,90;436235346,77;157617509,37;0,00;46241181449,23
15.10.2017;97011856641,95;32292086679,09;437236582,90;149512708,19;0,00;46833193467,87
22.10.2017;100437913823,19;28624836350,11;437025998,60;124292467,51;0,00;43499662816,59
29.10.2017;95819797362,63;28270164668,73;438159660,84;116675469,37;0,00;44367385878,43
05.11.2017;123388099786,77;28661500792,56;494443671,54;162104811,73;0,00;46805554489,40
12.11.2017;104979754887,37;30106190878,70;597637605,49;165243179,31;0,00;64702376265,12
19.11.2017;129594711885,88;33284903532,34;645544981,85;165686207,70;0,00;69935933040,23
26.11.2017;146789224290,67;44712118250,54;677815034,58;187605725,90;0,00;88930165466,30
03.12.2017;185258241069,73;44560454568,46;814847511,49;206484986,29;0,00;98227074072,03
10.12.2017;253781735593,31;45501434898,99;831977608,44;263509682,52;0,00;116547709960,73
17.12.2017;326141276696,78;67106371107,75;1132154310,18;462329807,93;0,00;184678363693,36
24.12.2017;244823689711,04;69671214843,84;1279864354,35;469508440,02;0,00;250039322522,76
31.12.2017;216325594543,12;68850777144,52;1401350863,10;768675994,24;0,00;272408832687,03
07.01.2018;294222374388,43;100981177276,00;1478767718,38;2254460630,41;0,00;416222466834,79
14.01.2018;241446796530,47;135503313336,85;1474488550,18;2203405214,68;0,00;363636692175,82
21.01.2018;216740288318,28;112225744106,81;1622821100,21;1608866076,01;0,00;298437906894,69
28.01.2018;193133122544,20;108121955540,08;1612504589,95;1317057887,37;0,00;257791998926,40
04.02.2018;154553293824,21;93953421902,00;2226848162,80;964954684,83;0,00;195506726354,16
11.02.2018;145244590726,04;83813030803,42;2228046516,14;911014993,06;0,00;190050355937,34
18.02.2018;187662857038,65;95077121296,42;2227521080,22;1157727816,23;0,00;227662824224,48
25.02.2018;165406721994,92;82119104314,46;2227758425,02;906298736,69;0,00;180560672304,90
04.03.2018;194289262407,27;83877819099,82;2217572950,20;1010655233,65;0,00;181921928069,05
11.03.2018;149716277655,03;67235677481,79;2224830203,43;757333032,22;0,00;141829189147,53
18.03.2018;133547310223,09;54200091108,53;2228614504,97;886909640,74;0,00;116843569498,67
25.03.2018;145881979776,76;51431555387,35;2287423004,65;1300568742,36;0,00;128984939136,89
01.04.2018;118705194446,69;39144659014,40;2277309792,70;1104193688,89;0,00;102639713265,31
08.04.2018;117392196990,56;38065416617,55;2290638074,95;1454721303,49;0,00;100770425541,45
15.04.2018;135811551540,34;49696276124,80;2278695801,00;1546025894,97;0,00;129706299662,88
22.04.2018;151650992414,84;59985528066,95;2297004415,83;1522941113,63;0,00;170403183524,76
29.04.2018;158927938837,83;67782362148,97;2414399395,91;1729339691,60;0,00;197967832565,69
06.05.2018;167541393237,19;81000235559,96;2257858452,87;1637897060,61;0,00;214808212361,37
13.05.2018;145021599488,09;68304030965,74;2208214046,10;1483453712,23;0,00;173034492635,85
20.05.2018;140555895373,83;69472771049,13;2510830717,79;1636510284,18;0,00;162003811071,07
27.05.2018;125574874140,78;58667599538,04;2511545924,41;1458098684,03;0,00;140634553584,73
03.06.2018;130287654873,13;59026063940,22;2487158364,98;1674348366,72;0,00;150075234358,95
10.06.2018;128128073573,25;59420125573,91;2530640243,47;1816513996,33;0,00;143647492053,05
17.06.2018;111912883448,44;50005817441,88;2619828876,51;1799459288,97;0,00;113729222208,20
24.06.2018;105480098609,38;47601899172,95;2604208302,30;1775725411,24;0,00;99908065816,13
01.07.2018;109797137754,17;45709527738,63;2699893267,54;1673692771,99;0,00;97861482355,67
08.07.2018;117521511766,55;49477697956,46;2619159112,54;1641955048,42;0,00;107087747028,04
15.07.2018;107572806366,88;43890752259,11;2713583376,10;1378565298,87;0,00;93969303131,04
22.07.2018;127307892716,55;46630921233,78;2660382024,61;1164183028,13;0,00;103823251652,93
29.07.2018;140951375507,81;47149571428,21;2498122108,89;1394301335,78;0,00;105794971891,31
05.08.2018;120869247490,28;41192725335,54;2432197417,39;1323679384,79;0,00;87975317512,12
12.08.2018;108106451581,64;32489149687,57;2421279978,86;1116316003,76;0,00;68404917219,27
19.08.2018;110582598383,59;29984192043,44;2736760882,06;947620321,77;0,00;68361524686,74
26.08.2018;116387236697,75;28386921152,67;2801107289,45;966035368,25;0,00;68927203005,69
02.09.2018;123981305469,86;30046692957,19;2733544309,52;1092034444,94;0,00;78945864600,42
09.09.2018;107397286192,45;20203492381,20;2762867706,77;912022738,39;0,00;61965784372,14
16.09.2018;112887643665,26;22721984527,08;2768526045,12;966242410,91;0,00;64085020333,45
23.09.2018;116058736871,62;24611501925,31;2795653692,44;1155118101,57;0,00;79787903775,86
30.09.2018;114234369232,32;23657737548,50;2810691616,94;1174837339,60;0,00;80304987020,01
07.10.2018;114074648409,72;23087109195,29;2800634328,51;1221312395,27;0,00;76689149597,27
14.10.2018;108921493433,35;20479177355,22;2673590360,56;1121155808,79;0,00;68719921514,54
21.10.2018;112492164597,15;21092979491,58;2043920961,91;1276303839,56;0,00;72767898092,76
28.10.2018;112442610027,77;21031676023,47;1917218502,58;1265404062,97;0,00;72493746946,79
04.11.2018;110494346280,88;20612531019,16;1774680066,37;1246768788,02;0,00;72867900254,18
11.11.2018;111402667266,67;21911583370,29;1771453282,36;1251278885,55;0,00;77135198052,94
18.11.2018;96636067730,51;17986209056,47;1730455043,89;1012190701,71;0,00;66054949199,49
25.11.2018;67495909376,89;11697896649,01;1767539107,96;665116455,23;0,00;44518136219,22
02.12.2018;73103624621,95;12246074288,01;1856127402,93;689724736,85;0,00;48067930483,83
09.12.2018;60481004015,53;9542449873,01;1888186415,45;616644937,77;0,00;37945027040,76
16.12.2018;56392207666,92;8769607065,26;1865740610,23;597777253,63;0,00;34465352306,64
23.12.2018;70116295669,59;12190954872,85;1884938319,88;775824602,17;0,00;47123307845,35
30.12.2018;66706731183,87;14325112811,65;1914864922,53;764203723,27;0,00;45481550058,65
06.01.2019;67006053968,09;16237236866,33;1900206476,11;793710266,32;0,00;45491734494,46
13.01.2019;63951617854,34;13137238653,24;1968418157,29;781515697,22;0,00;42235384655,43
20.01.2019;65159494467,43;13019799097,66;2050228574,26;858606694,97;0,00;43161077838,26
27.01.2019;63093875787,77;12184594599,16;2038602965,92;904623729,54;0,00;41959864595,85
03.02.2019;61588918669,54;11567052751,35;2022768280,83;889494818,14;0,00;39687140294,92
10.02.2019;64389753659,84;12513573147,91;2023520026,93;1250272710,49;0,00;41593020643,18
17.02.2019;63736028655,90;12920355294,03;2030511100,29;1289540696,39;0,00;41000589465,92
24.02.2019;72772318880,99;16681863328,65;2039149977,93;1524397301,00;0,00;48113797054,18
03.03.2019;67850503782,43;14164562612,40;2040316121,32;1672266808,27;0,00;44676078510,32
10.03.2019;69724795687,61;14532501838,44;2011641529,19;2056489699,61;0,00;46864695708,73
17.03.2019;71210263478,31;14972861114,35;2023048349,94;2271406545,26;0,00;50235644112,14
24.03.2019;71044348339,37;14573095735,63;2036815720,83;2151674293,79;0,00;50951107236,93
31.03.2019;72360880278,27;14993087937,77;2029665840,28;2381796010,66;0,00;52300707125,99
07.04.2019;89207416874,65;17527453358,61;2085680195,20;2689463581,42;0,00;65206438367,88
14.04.2019;89840955121,93;17367737102,05;2434703203,78;2639514039,69;0,00;60428447999,04
21.04.2019;94235418170,91;18381397204,72;2584725071,56;3515050283,88;0,00;62128593515,38
28.04.2019;93090559253,47;16758187936,72;2831470494,30;3150273130,45;0,00;55426680654,22
05.05.2019;103040300609,43;17386994775,69;2780697168,13;3233950438,12;0,00;58307918231,81
12.05.2019;127324932062,08;20628252726,53;2779144867,13;2964098973,35;0,00;63234232338,25
19.05.2019;128743264018,79;24817038181,98;2826226959,86;3997394081,93;0,00;68191402931,41
26.05.2019;142730727441,26;26723606380,62;3066381058,55;4924654281,83;0,00;73678875184,57
02.06.2019;152070720654,00;28197576197,43;3145380171,34;4668534838,80;0,00;83097146821,07
09.06.2019;141195643808,06;26149304837,34;3253191273,70;4526576417,77;0,00;79145351478,21
16.06.2019;157071643324,39;28625941298,98;3458023900,58;4625271040,90;0,00;83517330162,02
23.06.2019;190066473665,96;33035829905,88;3520673454,45;5341330585,89;0,00;92868333721,61
30.06.2019;212195971764,46;34052073190,00;3590222818,76;4974021523,77;0,00;88377543368,21
07.07.2019;199119660789,26;30689153147,58;3701709405,76;4605459369,94;0,00;81546650461,04
14.07.2019;203023272239,38;28783299572,46;3905162367,91;4445058406,87;0,00;71615703740,82
21.07.2019;191923341980,13;24456088024,18;4050251566,05;4797501195,29;0,00;68472226570,31
28.07.2019;169376691458,18;22247512892,49;4018636102,73;4320288835,90;0,00;62917829625,37
04.08.2019;193265191826,84;23868290194,43;4044808202,29;4341252053,56;0,00;65015598906,50
11.08.2019;202576763068,03;22152221748,03;4041818470,55;4613679897,24;0,00;60463109209,79
18.08.2019;182964157772,06;19992339542,10;4043891336,54;4281199736,12;0,00;54312230887,57
25.08.2019;181719537529,84;20504770365,37;4058129081,32;4118754226,84;0,00;55142026643,21
01.09.2019;172382510314,49;18548427164,11;4021478250,88;3304959015,68;0,00;51312520228,09
08.09.2019;188472622853,43;19219420861,33;4071110601,73;3508160633,42;0,00;52574742342,13
15.09.2019;185784741789,62;20288460965,72;4111563122,01;3278128144,30;0,00;52827438894,24
22.09.2019;179904089209,42;23264134520,98;4115829245,57;3275847475,30;0,00;55848283223,76
29.09.2019;148262613208,39;18871654652,07;4126940658,42;2470160216,32;0,00;44942452086,40
06.10.2019;146548819910,64;19059980501,36;4113996157,35;2447631177,86;0,00;46039780463,73
13.10.2019;149868690552,56;19519081973,52;4126320916,25;2672886893,56;0,00;47656893091,93
20.10.2019;143989654006,83;18727930838,11;4135824474,47;2826938326,98;0,00;47819611665,36
27.10.2019;166539926492,60;19512025260,44;4114695515,11;2935460690,79;0,00;50986872135,74
03.11.2019;168625661384,67;19973728732,13;4125800069,37;3156075841,45;0,00;54038958636,26
10.11.2019;158847643234,13;20057352388,49;4111546127,07;3069491114,97;0,00;53695897004,63
17.11.2019;154327999554,58;19902777448,74;4135345056,48;3151680143,42;0,00;52672386426,15
24.11.2019;133694768231,93;16699803584,28;4154438752,21;2553896283,69;0,00;45432767121,89
01.12.2019;136829944620,89;16553240367,92;4115674787,13;2439716224,36;0,00;45262056333,51
08.12.2019;136650681396,18;16194266412,49;4141884817,83;2437896969,55;0,00;44783168001,88
15.12.2019;128818260828,40;15557850972,07;4130847960,45;2253189688,75;0,00;43143008100,98
22.12.2019;130213830692,92;13968963971,57;4135072141,05;2081692610,01;0,00;40088604513,80
29.12.2019;132297083270,88;13998262897,92;4122083608,23;2132158325,95;0,00;40623080332,50
05.01.2020;134620230365,62;14772145426,00;4134451585,11;2160415212,40;0,00;41914003819,44
12.01.2020;145542932321,03;15602163663,42;4637102542,70;2318576010,50;0,00;45811386753,31
19.01.2020;162126611250,01;19171231641,69;4640900241,48;2766710668,27;0,00;55819123733,48
26.01.2020;151963338382,88;17612674204,56;4653436502,96;2636486780,04;0,00;52735516452,80
02.02.2020;170741061057,04;20103729621,12;4647211835,49;2838888330,02;0,00;60784375556,40
09.02.2020;179461331999,60;24461176140,49;4637776474,44;3382766443,39;0,00;69425415905,60
16.02.2020;180291874041,74;29021372681,65;4650789294,28;3761131983,79;0,00;73242678082,68
23.02.2020;176142515512,05;28799181069,12;4653215539,68;3422928538,09;0,00;67166201768,35
01.03.2020;156932024055,18;24178036764,58;4663074967,52;3020098680,15;0,00;56222994367,83
08.03.2020;162765111170,47;26005406118,04;4657554753,03;3138672543,74;0,00;59811568072,55
15.03.2020;94487825436,99;13537446267,43;4649961777,39;1578643171,74;0,00;34494665715,50
22.03.2020;113047593667,86;14619353870,68;4657922384,06;1879211575,87;0,00;39914412467,44
29.03.2020;114066158835,15;14454229086,84;4632966969,73;1898674631,59;0,00;40709764020,53
05.04.2020;125785823122,15;16048869078,08;6187645162,58;2148235652,83;0,00;42719849607,69
12.04.2020;125655436296,64;17498032578,20;6342828317,17;2146805865,68;0,00;44295618091,92
19.04.2020;133083376958,41;20690356521,70;6362229063,68;2583920841,74;0,00;47371823501,54
26.04.2020;138799959573,55;21619614418,85;6396211526,36;2537274868,25;0,00;48984688269,87
03.05.2020;165014845439,90;23852894912,12;6385165409,25;2735350820,85;0,00;54168214229,64
10.05.2020;176024369912,63;23399301296,24;6393948071,06;2619087354,81;0,00;53982916485,02
17.05.2020;171940280200,87;22237181361,83;8819574331,62;2494023987,31;0,00;56237737500,59
24.05.2020;169078329822,36;23117885486,87;8838182532,36;2572955472,46;0,00;52469469205,08
31.05.2020;178324596748,07;26941236981,46;8806667284,59;2754234383,33;0,00;56572865632,83
07.06.2020;177477369042,56;26908917242,52;9189997021,91;2727679733,00;10767457,30;58017952583,83
14.06.2020;174429918488,58;26597319161,67;9206643740,95;2616792794,18;10542172,28;56661391140,33
21.06.2020;172418406453,44;25609587765,21;9208720911,11;2505555776,77;11219045,44;56269192561,19
28.06.2020;166740702391,08;24862263447,63;9238007624,98;2362889901,83;12311382,75;53466938975,39
05.07.2020;167759300412,78;25500469869,77;9160891838,66;2411643864,45;13430143,10;56336554973,00
12.07.2020;170305362436,30;26749484534,58;9196759496,60;2739640922,55;15923631,34;63527335362,21
19.07.2020;168828283272,31;26324400920,72;9173868442,82;2662168904,91;16679738,71;64682627540,70
26.07.2020;178500024040,19;34002682188,99;9977104655,17;2852556882,33;21469692,43;69643538333,52
02.08.2020;217161905651,72;43234970337,63;9952996250,82;3113313350,42;26347988,80;79574705280,61
09.08.2020;217069049813,35;44468181862,66;10009613987,47;3302946310,40;42700112,86;83555429849,80
16.08.2020;219039737204,58;48604172041,80;10004307330,51;3320979624,12;93120172,80;91920431134,91
23.08.2020;215627087978,02;44469081755,66;9997582213,84;3203879893,23;95101959,41;91292228817,44
30.08.2020;212317146503,06;44936714530,42;10025643534,47;3321931653,97;128017267,96;92684168827,73
06.09.2020;188160755947,53;37499006995,04;14151947510,39;2797971497,64;88025996,18;78966908624,84
13.09.2020;193252986763,49;43624737350,49;14708557413,38;4101633575,08;117202017,94;88808936150,05
20.09.2020;205025579879,95;43438624231,43;15234079578,25;3925380716,03;113175900,53;86400767044,64
27.09.2020;198608722445,98;40005077720,48;15304202316,22;3776637306,98;121256854,22;83857821990,00
04.10.2020;195261821470,89;39118072549,10;15597787542,14;4074403911,38;104042919,79;80844472815,51
11.10.2020;209117136770,91;41898254385,43;15723593529,00;4102925181,79;101957019,38;86969026058,90
18.10.2020;210314271083,35;41688656883,27;15818260294,40;4366886174,26;95875274,88;84247165726,45
25.10.2020;242755970099,78;46660158880,86;16250799905,20;4423338193,11;85177252,60;87893897109,88
01.11.2020;254825919399,86;43770077536,18;16657595742,60;4097437476,50;70667639,83;81681189746,69
08.11.2020;274067713460,94;49186747591,39;17153053541,52;3976253786,51;92667467,66;84375375175,71
15.11.2020;297699466933,84;52036034175,50;17838726484,66;4028625416,14;87999473,33;89026698200,20
22.11.2020;345776975059,86;62576823369,07;18353112849,45;4411064764,03;110000496,01;110191986495,21
29.11.2020;329155498008,41;61285025175,16;19057682068,13;4222530600,73;86850260,09;117105652622,67
06.12.2020;356377680827,05;68362295999,73;19645832618,34;4298510449,71;91730750,38;119599418794,72
13.12.2020;350134299070,04;64800293362,73;19826514949,70;4085037509,62;69083082,42;111192799547,78
20.12.2020;441913111821,89;74813113389,38;20119999186,24;4795467991,36;77536688,15;131110971999,76
27.12.2020;492703707326,59;72657705037,79;20682807547,89;4841629962,75;61719088,40;110240628571,93
03.01.2021;597467298389,56;88563949592,77;21212844967,73;5536106340,07;84342594,55;118186301737,94
10.01.2021;752588082610,55;147334582816,99;23728084765,36;6399552648,28;895924718,35;157294386293,21
17.01.2021;667116445624,18;139277094497,42;24297729030,49;6083064551,92;887800262,62;174700337136,45
24.01.2021;591705688134,74;140208958092,73;24794123390,33;6283108542,35;915453141,78;172468957161,83
31.01.2021;634838735744,34;157009677180,16;26373842728,11;6918638351,01;1106838491,85;192215998798,72
07.02.2021;725553084231,38;191854869083,77;28257478542,05;11236656716,98;1604018606,74;236086631495,89
14.02.2021;879817617099,08;208123280169,33;31612995619,02;20649075527,72;2290937214,76;329731244387,17
21.02.2021;1041134956254,93;218118606748,88;34125043144,91;38949693706,85;2597105469,71;364922715176,16
28.02.2021;855209829049,68;166450094064,44;35024040732,98;34549176238,24;3439009687,32;326838952387,85
07.03.2021;915662386959,71;191084734093,76;36436699929,18;35061963498,66;3422026039,03;336884037037,38
14.03.2021;1141544762923,75;221054380638,97;38221472672,87;42708418957,36;4098496416,39;393466597576,64
21.03.2021;1086588283427,61;207379549927,13;39534413170,62;40686004148,71;3786600110,01;419995329100,47
28.03.2021;1046513025994,49;197896640792,27;40181026729,61;41785853186,25;4451118610,93;425052963457,14
04.04.2021;1071075509840,35;231910191004,41;42452506769,90;49427162048,29;6003314923,82;481554409109,09
11.04.2021;1119245666510,74;246254435420,22;44397618791,11;72808563035,30;7211644638,95;555487755667,78
18.04.2021;1135466232452,52;271170036717,16;48360308367,73;79848227758,77;6778102255,97;656980013751,25
25.04.2021;935704807467,38;256270066783,62;49432687558,46;76357951856,31;11076834761,73;497438901643,26
02.05.2021;1082568171379,48;341504746814,82;51506813936,71;95047467174,11;13596479162,21;659860589867,60
09.05.2021;1102434409280,35;450778871214,80;55271312416,06;99129806593,96;12455780450,06;743436222051,76
16.05.2021;872705425563,03;420897184513,50;58224033555,63;86433567111,95;11784592530,13;727467920669,74
23.05.2021;692898054129,65;263718411146,65;59510401201,91;45291809562,70;8264756676,45;482623573592,73
30.05.2021;644153156325,72;262384912214,07;61314086539,09;46417558911,09;7421123362,15;462806315182,05
06.06.2021;664815138156,93;304784277518,56;62235447538,98;59863461888,86;10834236147,00;510275918942,94
13.06.2021;664373174916,29;274941683474,92;62666339230,23;52588509490,17;9882662692,98;452698913839,95
20.06.2021;667937473207,76;252901294552,44;62668946316,62;51475813265,33;9626844672,98;432986349753,25
27.06.2021;603381592652,33;212125008541,06;62608769751,01;42771826001,80;8049071642,95;366885567918,34
04.07.2021;650150979520,16;259772070604,78;62371971541,71;45687993064,92;9405286252,80;406422137967,39
11.07.2021;628953515866,32;246868884696,61;62208640230,37;48556581380,88;8652006302,69;394161545000,49
18.07.2021;591135497961,40;221903988191,46;62016265104,87;46056672663,27;7288871882,76;330602574308,55
25.07.2021;643615816297,27;255543314909,49;61846003177,42;50565264220,37;7821861376,33;382864542768,27
01.08.2021;774708987653,25;294784170355,67;61816149840,80;55629273761,31;9810318834,72;438750565272,09
08.08.2021;834794535926,72;368678068369,41;62133279237,29;59830214876,63;10728832638,45;495566596392,85
15.08.2021;884845318881,35;382817840773,07;63288707994,76;68846649702,20;12632083400,70;586188893924,78
22.08.2021;917484727391,83;378412254943,81;64666364293,04;75600568163,74;21120456862,99;623505494383,06
29.08.2021;919329013212,20;380983285760,85;65545937495,15;81683542351,44;27879534864,19;628938342368,46
05.09.2021;939711711000,20;456906946300,43;66805103141,60;83623348508,29;40646009403,08;683117247980,84
12.09.2021;851089115178,30;384677831881,08;68369456228,05;68199021071,76;52325635738,65;641774369716,63
19.09.2021;908358110035,58;403121183998,85;68248389502,16;68980522028,94;50102290109,07;653035302422,63
26.09.2021;804898339785,73;345002939549,24;68606097794,12;58949547421,66;40526934190,98;580775386453,38
03.10.2021;900073005644,66;401548829373,27;68046195387,65;72537912151,52;50776437927,00;625059213738,64
10.10.2021;1034216654856,82;420801352459,95;68405597008,80;70776216024,00;46835524471,88;679557524946,70
17.10.2021;1146446116365,89;450802569639,45;68765490083,98;77937333456,03;47240163494,77;681172017467,41
24.10.2021;1158113022223,86;493834318718,59;69631400587,23;81119747755,60;59575530805,78;696081866221,37
31.10.2021;1172423579472,90;511419341053,63;70357678346,28;88460879868,49;58833748726,40;734020954130,04
07.11.2021;1160782856371,44;533984757234,35;71964436301,34;106134307385,89;77468873674,34;779677648511,10
14.11.2021;1217272627959,17;549367969831,92;73907428248,89;108395328296,76;73028757872,79;806272656371,33
21.11.2021;1126863993568,26;522371354283,93;73062349328,32;100789889945,45;66030019569,10;772765717471,21
28.11.2021;1031350802102,15;483715894656,47;73196290269,79;99564534106,11;58368435220,61;723854411110,23
05.12.2021;933392769616,60;491312272640,49;74227082096,00;95579955712,03;61997942082,06;668766747462,81
12.12.2021;933635570117,43;485112981432,92;76183458803,45;94312911032,37;52766414691,64;634666800254,57
19.12.2021;886670909049,43;470733057878,52;76387504271,01;89224298447,64;56366169808,56;627553130546,57
26.12.2021;954064621635,88;486650487191,97;77639400668,67;91401319944,93;59699759318,08;702889442631,96
02.01.2022;902088084567,81;448411926644,12;78383296645,97;87943673304,73;55233781581,56;680964577417,89
09.01.2022;788192455605,31;367357162223,69;78296923156,64;71583902871,13;44267895550,24;592235189722,48
16.01.2022;816385621142,44;396667055906,47;78429393718,96;82396408180,91;46371082587,02;647456022033,42
23.01.2022;663379690397,57;286934483325,10;78268348705,28;59091371268,17;29612702822,63;485922445813,74
30.01.2022;722523596937,84;309969523681,28;78152722304,89;64142613618,62;30192355557,06;526095281754,33
06.02.2022;785536953509,48;360487786262,10;77958275343,95;68485640942,10;35928156335,89;566646317401,39
13.02.2022;799590577072,07;348159800254,60;78475876252,45;66478580810,81;30406941066,96;568709843979,58
20.02.2022;760796484239,08;330611464436,21;79041843525,70;66068406982,30;29214127402,92;549342187410,03
27.02.2022;741275725902,39;332808740444,58;79572332367,42;61630496631,16;28813759263,57;534917593880,27
06.03.2022;747574747286,70;319335896322,35;79735103566,03;63553931052,96;28417354605,70;534604271795,97
13.03.2022;736685733333,80;308050164471,93;80070392286,27;61423963098,99;26011992789,72;523288006934,36
20.03.2022;801392232392,82;354295612929,05;80456470348,47;66019755649,88;29606878292,11;569162393257,74
27.03.2022;845378951663,22;377777516828,02;81345262516,74;68687467499,64;33064761929,75;605830284823,12
03.04.2022;871390925491,85;414377935298,55;82112985497,30;72167265740,79;43174418154,14;646374511127,31
10.04.2022;812496139167,00;391812889331,73;82543494789,06;70408247507,13;36949620739,93;592363667079,50
17.04.2022;768411509200,48;368694883480,91;82739008959,95;68941427510,88;34042291669,00;562228742903,15
24.04.2022;751366083006,13;354067796218,56;83133777498,29;65533388123,96;33606139555,46;549180668185,42
01.05.2022;717612926164,68;329443598612,36;83171035951,00;61658724193,79;28412555825,50;473046541669,84
08.05.2022;675183216782,42;318301600921,10;83231348107,74;59686220279,77;26487199620,34;457711947531,14
15.05.2022;572542774257,45;248183468071,68;76605466803,11;48480974680,38;17655312020,80;326594504917,02
22.05.2022;560354817916,69;238607242245,35;73187928342,15;50935855434,70;17051776339,35;319331424508,19
29.05.2022;552575812635,91;216694774456,26;72469017648,81;50195453199,16;15029230685,15;302044966403,85
05.06.2022;568628804099,77;218245756864,95;72492549909,97;49161224526,94;13220210036,23;311316844449,65
12.06.2022;540964465974,61;185302462344,93;72427628780,73;44008200617,21;11585753994,60;284926273765,69
19.06.2022;361136355053,14;120103581721,32;68140918508,08;32158347390,69;10831128209,96;247280632116,25
26.06.2022;409609240549,64;150584718151,30;66835697538,11;39145409721,42;14445024351,81;284464177035,09
03.07.2022;367205418606,83;129454259827,34;66162853023,03;35602148889,92;11455101064,71;260814778321,02
10.07.2022;412163735842,87;147830504370,35;65960485406,58;39717277008,31;13143702771,93;278144870645,48
17.07.2022;404729909498,78;164516557861,89;65861745645,51;40760594678,83;13673679553,36;277051177679,04
24.07.2022;429122813487,89;188494375095,35;65843483760,51;41862804080,27;13843896219,31;290312963319,12
31.07.2022;451941665721,70;206498456353,95;66075458172,30;46396925913,18;15142356938,00;306620094439,18
07.08.2022;438932771129,85;206157908512,57;66485061249,01;50841098183,80;13879667067,85;311861970310,90
14.08.2022;467102657290,86;241682423020,52;67062561810,39;52269092421,58;16216926575,56;326682793970,26
21.08.2022;404739720814,55;192408920351,76;67547818486,50;45761555753,31;12311457138,58;285102111583,57
28.08.2022;383465019651,62;182131385881,66;67550646712,48;44820043554,85;11019085155,09;278824205120,13
04.09.2022;379602782193,71;190296965524,16;67555518280,62;44816574558,76;10879065914,77;283080748874,36
11.09.2022;415079333871,70;217235641599,33;67565052498,27;47904215820,11;12402494881,94;302315189259,35
18.09.2022;385506713761,84;179908765813,06;67930094918,49;45048706949,47;11946365888,42;288116375536,84
25.09.2022;362813100923,01;161462371278,91;67958300371,27;44384579754,92;11867029835,30;283519889469,37
02.10.2022;370137999102,18;160835993796,93;67952498756,76;45641514437,45;11536228045,10;279375394604,24
09.10.2022;372301876441,61;161422244261,93;68338375038,03;44601612802,65;11635512567,00;281079662481,41
16.10.2022;365746872548,44;156585852463,54;68438324611,11;43304789242,34;10589769271,82;267419732705,00
23.10.2022;368532562230,66;160829783102,00;68457318836,59;43271554735,80;10039392213,26;272371479790,05
30.10.2022;399558492460,50;198208689034,68;68992647482,87;48670354144,37;11788624880,37;297097522881,61
06.11.2022;408659103664,87;199212542931,86;69369098597,46;55878009924,09;13209409375,04;310965219509,29
13.11.2022;322652408772,56;153633199296,79;67326674114,61;45171345118,73;5271772995,61;251243025556,65
20.11.2022;321087992755,18;149104753582,83;65884700007,24;43581542220,25;4660978492,30;251106278077,48
27.11.2022;316397144432,51;147571296368,89;65334455694,80;49810686062,76;5140391904,79;250871731155,35
04.12.2022;325035905983,19;152137539500,45;65448433992,10;46479765739,21;4839674449,29;253668193311,00
11.12.2022;329408305902,85;154976450573,07;65710392042,32;46094011871,18;4970441803,95;253043242862,84
18.12.2022;323088938420,82;145395882867,81;66061043244,36;38794742871,42;4583839449,96;232644842781,34
25.12.2022;324185375825,43;149439480245,03;66246934546,52;39133488421,76;4199311854,12;228234090306,97
01.01.2023;318524383653,84;146446478626,24;66242484238,98;39404568795,70;3658819576,42;221255274534,15
08.01.2023;326460332620,20;154702829012,57;66265558812,41;41790935384,73;4842262070,50;230385314580,65
15.01.2023;404074971408,24;189769011784,08;66282125860,91;48841053871,32;8990954277,03;267218301814,55
22.01.2023;438903603818,11;199147069541,17;66499723569,15;47250899530,21;9140402880,68;275975898535,23
29.01.2023;443943851312,27;192448748114,48;67518108980,98;48355394988,77;8909484211,89;287663812985,93
05.02.2023;449882178717,09;204017606451,54;68034946739,69;52195372466,60;9060669968,66;300482133175,40
12.02.2023;421847738998,77;188428340827,30;68329460317,62;49044365231,55;7816531455,56;285599328159,62
19.02.2023;475435017083,60;207017445219,51;70306645409,63;49993477227,70;8876435852,19;305519866605,75
26.02.2023;447300343673,45;195157075701,24;70807590421,27;47742856878,09;8522056646,97;288991061216,43
05.03.2023;431622589771,63;188772805126,20;71367591355,10;45713670396,19;7945931465,99;277345196150,17
12.03.2023;398425079397,10;178570454811,43;72628751184,14;43885372674,56;6979368793,08;251478376560,00
19.03.2023;521088381699,32;212362627830,74;76361478448,53;52345733751,51;8129208470,80;275353464446,51
26.03.2023;531439838531,11;210059343915,36;79093732523,01;50941019466,75;7848545048,24;268506209304,07
02.04.2023;550315925932,44;219376749941,11;79710452434,68;49725662934,66;8132269065,51;278921278039,14
09.04.2023;540624981054,40;222807405771,53;80231907779,34;49048950235,22;7773685859,03;275218589061,54
16.04.2023;586533594112,30;251947818921,27;80968222315,81;51964147434,44;9436252945,28;291458818694,16
23.04.2023;538344959862,20;225676833998,66;81433148486,53;51749062353,51;8565957203,78;268115758523,16
30.04.2023;566182944390,84;229809368542,85;81735040519,12;50204467786,13;9111830487,67;269580041679,36
07.05.2023;559709347841,36;228668803295,74;82226942196,19;50305557418,23;8662179591,55;257478816376,91
14.05.2023;518968547220,15;215983040759,05;82846568348,01;48486400529,64;8252895764,98;246025831997,69
21.05.2023;525529767793,62;218913018649,76;82948551349,67;48426754955,96;8032279365,75;248269214559,17
28.05.2023;520912514449,65;220202015390,32;83168054884,32;47938681131,88;8095533021,11;245802420210,34
04.06.2023;525043474759,34;227535738303,20;83167744894,27;47803920578,82;8398844103,41;251488896374,67
11.06.2023;501531532346,66;210702607185,14;83396573554,47;37262901556,02;6235429159,71;214725043881,90
18.06.2023;514438080876,27;207630797260,71;83543401787,73;38121105734,63;6249908727,84;219240554579,08
25.06.2023;592914202067,97;225465017909,51;83240900151,74;36880384564,06;6657061888,01;237556776137,44
02.07.2023;593919902869,02;231355402180,79;83350667461,85;38617731089,85;7480816741,06;244811689567,34
09.07.2023;588386302769,82;224261596704,95;83378229922,03;36826502672,36;8793538070,38;237674256948,74
16.07.2023;588688760272,50;232186860311,81;83638697109,96;39133366992,27;11027938984,86;260095320766,83
23.07.2023;579011781251,38;224292930098,87;83805790864,52;37079737143,73;9908397094,68;257544511974,11
30.07.2023;570777847228,81;226054234665,26;83831303950,05;37322623522,19;10177846858,96;258761227480,80
06.08.2023;564871134074,40;220485713339,83;83820182250,89;37380522463,43;9168298628,26;245971283893,44
13.08.2023;572314536770,10;222158761589,38;83366510395,24;36966222009,87;10110797083,63;249492820448,93
20.08.2023;507902489124,10;200703288493,38;82838144743,46;33388300806,64;8913906808,73;222608781984,10
27.08.2023;506344524471,98;197908515869,41;82811866940,55;33288736495,75;8272341288,06;220014185479,15
03.09.2023;503799575059,65;196798554997,71;82901682430,00;32993907646,95;7967342850,41;218108657064,72
10.09.2023;504461348552,26;196584322818,26;82992946190,50;32957692204,18;7984825882,95;218605391141,04
17.09.2023;517748280581,97;196589322503,63;83065027653,28;33069547649,93;7871412204,49;221530897545,02
24.09.2023;518139804929,42;191623905873,73;83206758665,03;32396394278,61;8035147376,32;221329705976,54
01.10.2023;525875522318,54;200935947754,09;83260095938,15;33046306303,16;8834373543,35;224886840832,37
08.10.2023;545645259081,36;196560758534,53;83500048193,18;32673926884,98;9647341956,85;225071213752,95
15.10.2023;524102030360,87;187007807773,30;83529062839,91;31784400609,80;9159152924,45;216186657702,32
22.10.2023;584019984977,65;195948847306,66;84181185815,08;32513704451,18;12245080661,43;226863200750,88
29.10.2023;665656548615,56;213663634184,26;84557956914,14;34252961268,43;13267677498,62;244381249292,14
05.11.2023;685425049680,73;223385918567,24;85430312992,88;36020704252,85;17795445856,75;260958365194,85
12.11.2023;725589121192,45;246911725799,47;86668304904,32;38143057154,32;23640923685,15;293912838734,65
19.11.2023;715108559322,43;236077730418,47;87730704510,40;37161761285,19;24748165411,80;289903152628,57
26.11.2023;739041621565,36;250612513936,56;88754420853,43;35562651279,04;24909552668,06;300304709297,36
03.12.2023;772044524064,70;260417483993,80;89566800489,89;34782863622,41;27073588701,94;301184287812,82
10.12.2023;855565500560,54;281482967763,98;90367602258,70;36072569559,87;30785230077,32;334066771516,17
17.12.2023;826644310040,58;267678775505,24;90827201158,34;37066905729,53;31419170811,43;346048910119,00
24.12.2023;856152998776,97;277579548725,61;91242168989,31;41166333986,41;46048035372,99;364021325978,99
31.12.2023;825552768357,27;275452259924,90;91698266069,95;48096823112,34;43721535764,93;365935598913,40
07.01.2024;862003611939,41;269455154927,95;93395210465,59;46689615628,77;40478211652,44;339738864301,70
14.01.2024;839625082477,85;309827594268,34;95005278753,55;45844781625,13;41408952803,09;357982109863,89
21.01.2024;816916901452,14;296808097460,51;95004214750,54;47401247335,60;40082852039,37;345838667327,51
28.01.2024;826120164361,46;272592097858,73;96048191584,48;45727831936,91;40816872228,03;341645267731,28
04.02.2024;843451617252,10;275951229578,09;96214400776,55;44821440121,40;42686938472,85;343882131371,07
11.02.2024;937431367058,37;300565713106,84;96252271240,09;48318668741,40;47686155691,74;365659941933,59
18.02.2024;1014161256671,41;334865312939,13;97630905480,55;52776167194,27;48019845083,59;392414101716,95
25.02.2024;1012573552189,29;359552435835,36;97904752652,88;57083221436,13;45931122943,36;405886618288,15
03.03.2024;1218483195345,69;411220376778,15;99242606118,26;61458416874,66;57475609041,67;497568090446,99
10.03.2024;1345375745456,66;470057648001,57;101800311676,21;73208183490,36;64090013435,68;549989584476,98
17.03.2024;1282730260164,32;422717711013,56;103231120604,18;86208672198,01;80736939720,98;506711552123,92
24.03.2024;1258936642568,90;400130080176,40;104056999158,06;82524783017,96;76778649086,27;520797703291,22
31.03.2024;1369891367175,56;421228933238,23;104573735066,74;89881380444,08;86385306684,01;558644667539,51
07.04.2024;1355740378744,68;402681245252,17;106843758492,43;87626728045,22;79591786838,55;533513465877,97
14.04.2024;1260103496279,76;361658941041,06;107508694384,33;82886811904,65;62194213684,10;420676929784,04
21.04.2024;1279386608532,56;379140095330,45;109762808845,42;85370711938,58;67547638849,70;470081970175,24
28.04.2024;1248755912442,22;390638423086,43;110479725229,39;87916234846,75;63181411051,50;456095402389,87
05.05.2024;1258445234535,39;374403532273,89;110780763339,79;86466189114,24;65371502055,95;455637521065,25
12.05.2024;1197795931273,46;349724334776,36;110812701426,43;87391115786,72;65168287544,96;439676499124,39
19.05.2024;1318554721476,01;375175248425,93;111357413279,18;85672016391,62;77450976812,84;461086178222,18
26.05.2024;1365048031677,83;450410303833,76;111926691508,20;88883203131,90;75691911083,58;481227181788,33
02.06.2024;1334392826924,55;458139596919,01;112066526486,05;88743042879,46;76322640521,18;464527222680,18
09.06.2024;1365834288838,82;442261598379,40;112433252830,30;100736967771,41;72752826540,37;439174994905,27
16.06.2024;1304756060707,69;428564510892,34;112496655067,09;89702877955,05;67138286746,45;416982504053,74